<ProfileData><Xuid>16504214336634396307</Xuid><GamerTag>Microsoft Flight</GamerTag><Stats><LastUpdateTime>2020-06-02 15:02:46</LastUpdateTime><MaxPositiveG>19.2000007629395</MaxPositiveG><MaxNegativeG>7.80000019073486</MaxNegativeG><MaxAltitudeAttainedMeters>6163.080078125</MaxAltitudeAttainedMeters><MaxForwardSpeed>881.058288574219</MaxForwardSpeed><MaxBackwardSpeed>151.608596801758</MaxBackwardSpeed><BridgesFlownUnder>0</BridgesFlownUnder><TouristLandMarks>0</TouristLandMarks><SecretThingsFound>0</SecretThingsFound><ClandestineInterceptions>0</ClandestineInterceptions><OverloadedTakeoffs>0</OverloadedTakeoffs><DistanceTravelled>7125.10009765625</DistanceTravelled><TotalDayFlightTime>117384</TotalDayFlightTime><TotalNightFlightTime>11102</TotalNightFlightTime><AutopilotTime>0</AutopilotTime><MultiplayerTime>0</MultiplayerTime><SharedCockpitTime>0</SharedCockpitTime><BackwardsFlightTime>162</BackwardsFlightTime><InvertedFlightTime>320</InvertedFlightTime><FormationFlightTime>0</FormationFlightTime><MissionFlightTime>49389</MissionFlightTime><LowVisibilityFlightTime>0</LowVisibilityFlightTime><SingleEngineFlightTime>0</SingleEngineFlightTime><MultiEngineFlightTime>0</MultiEngineFlightTime><SingleEngineSeaplaneFlightTime>0</SingleEngineSeaplaneFlightTime><TurboPropFlightTime>0</TurboPropFlightTime><TotalLandings>360</TotalLandings><PerfectLandings>0</PerfectLandings><UniqueAirportsLandedAt>0</UniqueAirportsLandedAt><MaxCrosswindAtLanding>30.9736480712891</MaxCrosswindAtLanding><MaxAltitudeAtLandingMeters>4198.330078125</MaxAltitudeAtLandingMeters><CatastrophicCrashes>143</CatastrophicCrashes><AvertedDisasters>0</AvertedDisasters><EnginesDamaged>0</EnginesDamaged><PropellersDamaged>0</PropellersDamaged><OverStressedAircraft>0</OverStressedAircraft><Stalls>209</Stalls><ConsecutiveSpins>3</ConsecutiveSpins><OutOfFuel>1</OutOfFuel><CargoTotalTons>2.90650010108948</CargoTotalTons><CargoDamagedTons>0</CargoDamagedTons><CargoClandestineTons>0</CargoClandestineTons><PassengersTotal>53</PassengersTotal><PassengersRescued>2</PassengersRescued><PassengersFrightened>0</PassengersFrightened><PassengersSickened>16</PassengersSickened><PassengersHappy>34</PassengersHappy><CareerXPs>382433</CareerXPs><Credits>0</Credits><Reputation>0</Reputation></Stats><Achievements/><Awards><Award id="{304CC55F-DC7C-4D6C-AB6B-9AA06B2E0350}" DateTime="2019-05-20 03:13:44"/><Award id="{3358FD6F-60C8-42B6-AF38-E1AC9C54A1EA}" DateTime="2019-05-19 12:16:36"/><Award id="{32B6A058-C29E-47BB-8292-732E8C58DDA4}" DateTime="2019-05-19 15:00:54"/><Award id="{C74C4A39-C7AA-431A-9569-E0DA141672DC}" DateTime="2019-05-19 15:43:05"/><Award id="{EF670F8B-06A0-444F-9763-2030A660416C}" DateTime="2020-04-25 16:43:52"/><Award id="{D8F2CECB-F511-4E58-89A3-A3DE181A4C3E}" DateTime="2019-05-20 09:24:58"/><Award id="{EB2DED0B-7B93-4AAD-B4FA-E26E8262E80B}" DateTime="2019-05-19 16:39:25"/><Award id="{6D6C80D5-7B32-4339-818A-DFC3649E1722}" DateTime="2019-05-20 02:57:11"/><Award id="{1CE41B55-0125-4112-A6A9-1BBFCED5DED8}" DateTime="2019-05-20 03:16:54"/><Award id="{1F761896-D7AE-4851-ADF0-B9E6FE7EBE4B}" DateTime="2019-05-20 03:12:44"/><Award id="{69C94C42-B106-4633-826F-F41F0CFBED83}" DateTime="2019-05-20 03:22:49"/><Award id="{E083AD4C-C1C2-44C8-A01A-9E12BA407428}" DateTime="2019-05-20 03:27:47"/><Award id="{2E1894F2-EF10-4C3C-8C6F-A1048B7CD53D}" DateTime="2019-05-20 09:28:45"/><Award id="{7D5BF1B1-EAFB-42C8-9BE3-2167384AAFE4}" DateTime="2019-05-20 10:25:08"/><Award id="{5AFBBE10-A18E-4EA0-985F-362ADC0332C0}" DateTime="2019-05-22 09:18:19"/><Award id="{7AF29C90-F631-4ADD-B0C4-74F765A9D369}" DateTime="2019-05-20 10:41:38"/><Award id="{BCB7122A-DD3B-4DF2-BFD6-2FBA3D49130C}" DateTime="2019-05-20 10:44:11"/><Award id="{AD1249EA-90F9-4034-9DCB-9A3A5139E041}" DateTime="2019-05-21 14:36:48"/><Award id="{0E7ABEEA-7781-443E-A2A4-040FCF5E7E2D}" DateTime="2019-05-31 18:55:07"/><Award id="{B87CAB06-77CE-49AB-9626-C31F9B44B077}" DateTime="2019-05-20 14:11:13"/><Award id="{808FDE62-6EDD-4459-A0DC-538692BFA3F0}" DateTime="2019-05-20 19:10:41"/><Award id="{81660322-8748-4F92-A6AF-90D5DEE10F5E}" DateTime="2019-05-20 18:52:21"/><Award id="{7B85381B-FF7C-417F-A5B2-F7255A9A1A67}" DateTime="2019-05-20 19:21:56"/><Award id="{35D894AD-104F-4EC0-9F90-32F0895A5D45}" DateTime="2019-05-22 02:06:21"/><Award id="{37C9E1AD-E912-48A8-87FD-69B5224256CA}" DateTime="2019-05-21 03:54:14"/><Award id="{F34A29A7-0548-4550-B58F-0C6BF7CF6749}" DateTime="2019-05-21 03:55:07"/><Award id="{4BB246A6-17DF-4A59-AF63-A593D2FBC540}" DateTime="2019-05-21 14:55:34"/><Award id="{755B3E66-7E34-41FD-86C2-A0AABEA7137D}" DateTime="2019-05-25 05:07:09"/><Award id="{3028AF4E-D4E6-4B67-8502-A5C046CEDC81}" DateTime="2019-05-22 10:43:39"/><Award id="{5AD9D4A3-AFA2-4CAC-BB09-522B22D00FC2}" DateTime="2019-05-24 11:46:16"/><Award id="{F300A403-263F-4981-9CAB-520323F34076}" DateTime="2019-05-24 15:35:35"/><Award id="{B38EBDBB-4672-4DA3-8955-D7FDBD606C9F}" DateTime="2019-06-14 13:19:39"/></Awards><Unlockables><Unlockable id="{DB75818E-6E0E-47E4-83DA-516F0BB6EBF6}"/><Unlockable id="{0B533773-2D15-4928-9DA5-D3ADE9999BBC}"/><Unlockable id="{591A761B-C860-470F-86D7-798B88EAB54F}"/><Unlockable id="{48C20A9B-25A3-468A-BC2D-8525F87E0026}"/><Unlockable id="{8A100E90-5202-4225-A10F-29F73361576A}"/><Unlockable id="{AC9C17C8-086A-4708-977A-225A1FA026B0}"/><Unlockable id="{2F889D6F-3FB2-43DF-B784-624E57C0E964}"/><Unlockable id="{F1B42DA2-5B4E-4452-B959-35B50CADDD45}"/><Unlockable id="{FEDE5125-E05E-42B3-8305-3DFF3F6BF7E6}"/><Unlockable id="{D32D2639-753B-46D5-A5D2-1FDADDDF5FC4}"/><Unlockable id="{0BAA5776-571C-441A-83C2-B876CB1631C1}"/><Unlockable id="{654D8153-0B17-4B8F-9C99-D6750A6850F5}"/><Unlockable id="{595BC4E3-CDCD-48B8-A8C4-4F15C870243D}"/><Unlockable id="{D04F2D96-1A2B-420E-B217-6A060C7C5713}"/><Unlockable id="{9044CF54-B2D9-4DDC-99FE-FBD96371449B}"/><Unlockable id="{5DDD60B4-A4B1-41B6-BBA2-874F2C1497F3}"/><Unlockable id="{8C83D4DA-134E-4A24-B152-C479C9F0EFCA}"/></Unlockables><Aerocaches><Aerocache id="{5E12080B-E36B-4689-904A-DB94DF297865}" DateTime="2019-05-26 13:39:44"/><Aerocache id="{D7764E8B-D4A1-4C78-AE82-0D1A0274532D}" DateTime="2019-05-22 09:18:19"/><Aerocache id="{E2B7154B-6380-49E7-AABC-DFFE7B955DCC}" DateTime="2019-05-19 14:14:27"/><Aerocache id="{8DE40CFB-324D-477B-8AF0-C5303B4C065F}" DateTime="2019-05-19 12:14:18"/><Aerocache id="{58ADF97B-70EA-41B6-972A-F9E61173ED19}" DateTime="2019-05-19 16:26:49"/><Aerocache id="{909627C3-253E-4BE7-97F5-90706555D640}" DateTime="2019-05-31 07:02:24"/><Aerocache id="{344814C3-AFEF-4547-B539-12B67A14B5F4}" DateTime="2019-05-19 16:57:38"/><Aerocache id="{ADFD1D78-D349-4109-B2B3-26761E0847ED}" DateTime="2019-05-19 14:03:21"/><Aerocache id="{CBE69AA0-0293-4AF1-B14C-22A60D1CDF0C}" DateTime="2019-05-19 13:47:28"/><Aerocache id="{408F4975-31FF-4F94-B344-8BE50BFBA4A0}" DateTime="2019-05-26 14:02:51"/><Aerocache id="{8322B8F5-506B-4249-BBAD-A4FFC47AFF0F}" DateTime="2019-05-19 14:13:20"/><Aerocache id="{F76DEA3E-79CA-442A-A7A8-81E60CCE280A}" DateTime="2019-05-21 13:30:29"/><Aerocache id="{C847127E-F906-4376-97C0-403A6C89CBC3}" DateTime="2019-05-19 16:51:46"/><Aerocache id="{8FE37E1C-2878-4EE1-97F3-800A45D7A91D}" DateTime="2019-05-19 18:38:32"/><Aerocache id="{66AD595C-27C7-4F2A-9633-0E99A28B27B3}" DateTime="2019-06-14 13:46:23"/><Aerocache id="{C2D224AA-026F-42A4-BCC9-34D37052C74B}" DateTime="2019-05-20 10:44:12"/><Aerocache id="{0BAC26EA-5399-49C6-873A-2E19C6B77939}" DateTime="2019-05-31 18:23:04"/><Aerocache id="{67B912FD-187E-439C-B5F4-13CCEE3CE57A}" DateTime="2019-05-20 10:44:13"/><Aerocache id="{5BD0EF69-8459-4A07-8D75-1B02C59F3150}" DateTime="2019-05-22 09:08:02"/><Aerocache id="{02181AA9-4848-4B13-A3A1-572E2B06E4A6}" DateTime="2019-05-20 18:25:46"/><Aerocache id="{8DE00272-970F-4D46-8358-E98AE4858AF8}" DateTime="2019-05-22 09:05:05"/><Aerocache id="{9DAC0872-B41B-4E48-A6C0-534AC25D3AE4}" DateTime="2019-05-20 19:26:34"/><Aerocache id="{FB69D4F2-4EB9-4109-84D0-88C0B8F92889}" DateTime="2019-05-25 05:32:51"/><Aerocache id="{FF537BE1-F4CE-4C09-8F99-47083843CF46}" DateTime="2019-05-22 02:08:59"/><Aerocache id="{69FDBFA1-4332-4594-BA99-B0DDC6CBBCBE}" DateTime="2019-08-13 17:41:53"/><Aerocache id="{954D2864-7A89-4F7F-B15E-19963417AD7D}" DateTime="2019-05-22 09:10:13"/><Aerocache id="{3B0F97B6-815B-4A07-A60D-585CBC7103ED}" DateTime="2019-05-22 09:17:42"/><Aerocache id="{2FCB3671-3FA7-4224-93E6-376DD4B6FFD5}" DateTime="2019-05-23 13:37:41"/><Aerocache id="{8909A7CD-277A-495E-A868-E8440612CDA8}" DateTime="2019-05-24 12:22:11"/><Aerocache id="{996322CD-9CDD-4748-A7D3-8ABFF68F3E1C}" DateTime="2019-05-24 12:32:35"/><Aerocache id="{31314C80-96C9-4ED8-BF74-F459FECF986F}" DateTime="2019-05-24 12:32:39"/><Aerocache id="{FE182C00-0FED-4DD4-885C-F8CE59749EA9}" DateTime="2019-05-31 18:30:52"/><Aerocache id="{E0CF0FCA-3E56-41A8-BE45-C9B45D3328FB}" DateTime="2019-05-25 05:28:30"/><Aerocache id="{984B56A3-2388-48D2-BD6D-3889FD1E320A}" DateTime="2019-05-26 14:17:05"/><Aerocache id="{7C7B78F7-C12D-4E64-B6FC-FCF52ED9D35E}" DateTime="2019-05-26 14:17:42"/><Aerocache id="{918F56B7-5985-47B2-9560-FE9F33B7DE10}" DateTime="2019-08-26 05:27:00"/><Aerocache id="{3482138E-C524-439D-A76E-541D7EFB1BA0}" DateTime="2019-05-26 14:35:07"/><Aerocache id="{D50FD0CE-F308-4AE1-BA1A-F08E16927045}" DateTime="2019-05-31 18:25:39"/><Aerocache id="{46056307-7E5A-4345-BC82-0B2DF78042AD}" DateTime="2019-05-28 15:15:31"/><Aerocache id="{026BBF47-314C-4370-ADC0-925466C4B1F2}" DateTime="2019-05-31 18:20:48"/><Aerocache id="{B30BB27C-987A-4E5C-BCEB-27053F3DA4D3}" DateTime="2019-05-28 15:21:47"/><Aerocache id="{FBC8472C-3A6A-4914-BAAA-71F74AABCC22}" DateTime="2019-05-28 15:21:47"/><Aerocache id="{C795DCDE-16D9-47BE-AEC0-7C48A668741D}" DateTime="2019-05-28 15:23:01"/><Aerocache id="{DB4E3B6B-28D5-40DB-8AB6-1F50EA8EE229}" DateTime="2019-05-31 18:12:04"/><Aerocache id="{F2AEE29F-D0D0-42AA-9810-DDB6385DAE40}" DateTime="2019-05-31 18:12:37"/><Aerocache id="{6669A334-98D9-4472-B3AF-74CE7FA849E1}" DateTime="2019-05-31 18:12:58"/><Aerocache id="{633A99BF-50E8-4305-B31D-3554769BA710}" DateTime="2019-05-31 18:13:16"/><Aerocache id="{DC3D02BF-3757-43AC-BFDB-2F36E24093DE}" DateTime="2019-06-06 14:39:30"/><Aerocache id="{943C629D-8204-47D3-8C1D-8010A436D8FF}" DateTime="2019-05-31 18:15:37"/><Aerocache id="{4146909D-82DF-4B2C-9213-AAB15808F2D8}" DateTime="2019-08-26 05:27:22"/><Aerocache id="{EE90B427-13DD-4B1C-A16A-7B805ACEC843}" DateTime="2019-05-31 18:30:15"/><Aerocache id="{C100AE4F-7254-4554-82BD-AF49E3081C4B}" DateTime="2019-05-31 18:43:38"/><Aerocache id="{0D038159-E409-4912-B9EA-9FD227A0887D}" DateTime="2019-05-31 18:46:08"/><Aerocache id="{62052899-6B55-4124-90D9-D8E6B9ED5396}" DateTime="2019-08-13 17:27:46"/><Aerocache id="{88336C6D-B600-4394-9F2B-7CE2E3C99C2E}" DateTime="2019-05-31 18:47:53"/><Aerocache id="{D880BBC4-5062-4184-8636-8223C9D71696}" DateTime="2019-05-31 18:55:07"/><Aerocache id="{35333966-32B5-4BD8-B0AC-CED00C224BEE}" DateTime="2019-06-06 14:25:18"/><Aerocache id="{8480C2C8-C6B6-476B-946C-F1F23F413755}" DateTime="2019-06-06 14:34:09"/><Aerocache id="{8A1E60C5-4D00-4E67-BD65-50F1CACCF612}" DateTime="2019-06-06 14:38:51"/><Aerocache id="{AAF9C709-5035-4DC6-A5B0-08A887D1EB43}" DateTime="2019-08-13 17:42:15"/><Aerocache id="{97BF6509-9B8F-463F-BBDB-ED2EB46D7D39}" DateTime="2019-08-26 05:30:41"/><Aerocache id="{781E526F-1E94-437E-B601-9897501EE32B}" DateTime="2019-08-26 05:27:18"/><Aerocache id="{A663595A-CD08-4F03-9055-F1ACA44A94D7}" DateTime="2019-08-26 05:28:38"/><Aerocache id="{DABD4B54-9C7A-487C-B1B0-CF472F988481}" DateTime="2019-08-26 05:29:22"/><Aerocache id="{D914BB90-CAD1-4E7A-A0B8-DBF9A77CBF3F}" DateTime="2019-08-26 05:29:41"/><Aerocache id="{5871BF9E-B798-4EE1-9654-F7A1DC42CD3A}" DateTime="2019-08-26 10:14:02"/><Aerocache id="{47318075-3FE6-4BDE-AD96-01A93232F438}" DateTime="2019-09-11 13:50:02"/><Aerocache id="{174B0D5D-2BA2-4282-9C26-034798437986}" DateTime="2019-12-21 15:52:07"/><Aerocache id="{A4F62D6D-CA6F-4768-9100-7BC97E249B76}" DateTime="2019-12-21 16:07:14"/><Aerocache id="{3BC21904-96B6-4CA1-946E-5361AD315F4B}" DateTime="2019-12-21 16:07:46"/><Aerocache id="{5C410FB5-2E11-4055-A32A-5E060558EF12}" DateTime="2020-04-24 10:10:09"/><Aerocache id="{E9F7DDF0-4972-4105-A317-237A06CA3BEC}" DateTime="2020-05-17 17:21:03"/><Aerocache id="{6F6D57F0-567E-41FE-984D-BB5F93087490}" DateTime="2020-05-17 17:22:17"/><Aerocache id="{7B4B53FF-9DA4-4412-95DD-1C6EAD99C897}" DateTime="2020-05-17 17:31:14"/><Aerocache id="{B57F130B-5617-4678-8FAB-741A71E896B6}" DateTime="2020-06-01 09:43:45"/><Aerocache id="{3A2ACB73-F6FD-4767-B378-DE2DD1D8C162}" DateTime="2020-06-01 09:49:23"/><Aerocache id="{735C5835-9A35-4146-A3E3-A45655ECC9E8}" DateTime="2020-06-01 09:59:30"/><Aerocache id="{DAC9712A-558F-47D8-80F3-E463AC6BE207}" DateTime="2020-06-01 10:11:57"/><Aerocache id="{2C7B8220-D44C-4808-B682-A0E4367E4EF5}" DateTime="2020-06-01 10:30:56"/><Aerocache id="{399F8C61-2E01-40E4-BBAB-D378CA108976}" DateTime="2020-06-01 10:35:51"/><Aerocache id="{E98740CC-570E-4CA4-851A-7751A2ACE743}" DateTime="2020-06-01 10:56:40"/><Aerocache id="{9E2D8FE7-3F61-495D-B5CE-B05A6B84B884}" DateTime="2020-06-01 11:02:52"/><Aerocache id="{0779D3BB-6C15-4FFB-A2C2-3DACF3BD1A71}" DateTime="2020-06-01 17:43:44"/><Aerocache id="{5DA5DE39-B766-46A5-AB14-5ACCF95623FF}" DateTime="2020-06-01 17:44:50"/><Aerocache id="{FC94213D-DA5C-4591-8231-AB32C0C61D2E}" DateTime="2020-06-01 18:21:15"/></Aerocaches></ProfileData>
