<?xml version="1.0" encoding="Windows-1252"?>

<SimBase.Document version="2,0">
  <SimControls.Map>
    <MapName>Keyboard.{45AAD43A-A9BC-40E0-96BA-A3E3577BBE53}</MapName>
    <MapVersion>17</MapVersion>
    <Entry>
      <Key>Space</Key>
      <Down>
        <EventName>MOUSE_AS_YOKE_TOGGLE</EventName>
      </Down>
    </Entry>
    <Entry>
      <Key>B</Key>
      <Up>
        <EventName>SIMOBJECT_QUICK_START_TOGGLE</EventName>
      </Up>
    </Entry>
    <Entry>
      <Key>W</Key>
      <Down>
        <EventName>Engine.ThrottleIncreaseSmall</EventName>
      </Down>
    </Entry>
    <Entry>
      <Key>F3</Key>
      <Down>
        <EventName>Engine.ThrottleIncreaseSmall</EventName>
      </Down>
    </Entry>
    <Entry>
      <Key>O</Key>
      <Down>
        <EventName>Door.ToggleSelected</EventName>
      </Down>
    </Entry>
    <Entry>
      <Key>F1</Key>
      <Down>
        <EventName>Engine.ThrottleMin</EventName>
      </Down>
    </Entry>
    <Entry>
      <Key>Z</Key>
      <Down>
        <EventName>Brakes.IncrementLeft</EventName>
      </Down>
    </Entry>
    <Entry>
      <Key>SHIFT+X</Key>
      <Down>
        <EventName>Brakes.ToggleParkingBrake</EventName>
      </Down>
    </Entry>
    <Entry>
      <Key>X</Key>
      <Down>
        <EventName>Brakes.Increment</EventName>
      </Down>
    </Entry>
    <Entry>
      <Key>C</Key>
      <Down>
        <EventName>Brakes.IncrementRight</EventName>
      </Down>
    </Entry>
    <Entry>
      <Key>CTRL+F3</Key>
      <Down>
        <EventName>Propeller.PropellerLeverIncrease</EventName>
      </Down>
    </Entry>
    <Entry>
      <Key>CTRL+O</Key>
      <Down>
        <EventName>Door.Select</EventName>
      </Down>
    </Entry>
    <Entry>
      <Key>CTRL+F1</Key>
      <Down>
        <EventName>Propeller.PropellerLeverMin</EventName>
      </Down>
    </Entry>
    <Entry>
      <Key>CTRL+F4</Key>
      <Down>
        <EventName>Propeller.PropellerLeverMax</EventName>
      </Down>
    </Entry>
    <Entry>
      <Key>CTRL+F2</Key>
      <Down>
        <EventName>Propeller.PropellerLeverDecrease</EventName>
      </Down>
    </Entry>
    <Entry>
      <Key>SHIFT+F1</Key>
      <Down>
        <EventName>Engine.MixtureLeverMin</EventName>
      </Down>
    </Entry>
    <Entry>
      <Key>SHIFT+F4</Key>
      <Down>
        <EventName>Engine.MixtureLeverMax</EventName>
      </Down>
    </Entry>
    <Entry>
      <Key>VK_DOWN</Key>
      <Down>
        <EventName>FlightControls.ElevatorUpIncrement</EventName>
      </Down>
    </Entry>
    <Entry>
      <Key>SHIFT+F3</Key>
      <Down>
        <EventName>Engine.MixtureLeverIncrease</EventName>
      </Down>
    </Entry>
    <Entry>
      <Key>SHIFT+F2</Key>
      <Down>
        <EventName>Engine.MixtureLeverDecrease</EventName>
      </Down>
    </Entry>
    <Entry>
      <Key>S</Key>
      <Down>
        <EventName>Engine.ThrottleDecreaseSmall</EventName>
      </Down>
    </Entry>
    <Entry>
      <Key>F2</Key>
      <Down>
        <EventName>Engine.ThrottleDecreaseSmall</EventName>
      </Down>
    </Entry>
    <Entry>
      <Key>F4</Key>
      <Down>
        <EventName>Engine.ThrottleMax</EventName>
      </Down>
    </Entry>
    <Entry>
      <Key>VK_UP</Key>
      <Down>
        <EventName>FlightControls.ElevatorDownIncrement</EventName>
      </Down>
    </Entry>
    <Entry>
      <Key>VK_LEFT</Key>
      <Down>
        <EventName>FlightControls.AileronLeftIncrement</EventName>
      </Down>
    </Entry>
    <Entry>
      <Key>VK_RIGHT</Key>
      <Down>
        <EventName>FlightControls.AileronRightIncrement</EventName>
      </Down>
    </Entry>
    <Entry>
      <Key>A</Key>
      <Down>
        <EventName>FlightControls.RudderLeftIncrement</EventName>
      </Down>
    </Entry>
    <Entry>
      <Key>D</Key>
      <Down>
        <EventName>FlightControls.RudderRightIncrement</EventName>
      </Down>
    </Entry>
    <Entry>
      <Key>SHIFT+VK_DOWN</Key>
      <Down>
        <EventName>FlightControls.PitchTrimUpIncrement</EventName>
      </Down>
    </Entry>
    <Entry>
      <Key>SHIFT+VK_UP</Key>
      <Down>
        <EventName>FlightControls.PitchTrimDownIncrement</EventName>
      </Down>
    </Entry>
    <Entry>
      <Key>F6</Key>
      <Down>
        <EventName>FlightControls.FlapIncrementStart</EventName>
      </Down>
      <Up>
        <EventName>FlightControls.FlapIncrementStop</EventName>
      </Up>
    </Entry>
    <Entry>
      <Key>F5</Key>
      <Down>
        <EventName>FlightControls.FlapDecrementStart</EventName>
      </Down>
      <Up>
        <EventName>FlightControls.FlapDecrementStop</EventName>
      </Up>
    </Entry>
    <Entry>
      <Key>K</Key>
      <Down>
        <EventName>Payload.DropObjects</EventName>
      </Down>
    </Entry>
    <Entry>
      <Key>G</Key>
      <Down>
        <EventName>LandingGear.ToggleHandle</EventName>
      </Down>
    </Entry>
    <Entry>
      <Key>L</Key>
      <Down>
        <EventName>LightSwitch.ToggleAll</EventName>
      </Down>
    </Entry>
  </SimControls.Map>
  <SimControls.Map>
    <MapName>KEYBOARD_MAIN</MapName>
    <MapVersion>18</MapVersion>
    <Entry>
      <Key>1</Key>
      <Down>
        <EventName>SELECT_1</EventName>
      </Down>
    </Entry>
    <Entry>
      <Key>0</Key>
      <Down>
        <EventName>SELECT_0</EventName>
      </Down>
    </Entry>
    <Entry>
      <Key>2</Key>
      <Down>
        <EventName>SELECT_2</EventName>
      </Down>
    </Entry>
    <Entry>
      <Key>SHIFT+F7</Key>
      <Down>
        <EventName>CAMERA_CYCLE_REV</EventName>
      </Down>
    </Entry>
    <Entry>
      <Key>F10</Key>
      <Down>
        <EventName>VIEW_CAMERA_SELECT_3</EventName>
      </Down>
    </Entry>
    <Entry>
      <Key>3</Key>
      <Down>
        <EventName>SELECT_3</EventName>
      </Down>
    </Entry>
    <Entry>
      <Key>4</Key>
      <Down>
        <EventName>SELECT_4</EventName>
      </Down>
    </Entry>
    <Entry>
      <Key>5</Key>
      <Down>
        <EventName>SELECT_5</EventName>
      </Down>
    </Entry>
    <Entry>
      <Key>SHIFT+VK_MINUS</Key>
      <Down>
        <EventName>MINUS_SHIFT</EventName>
      </Down>
    </Entry>
    <Entry>
      <Key>6</Key>
      <Down>
        <EventName>SELECT_6</EventName>
      </Down>
    </Entry>
    <Entry>
      <Key>7</Key>
      <Down>
        <EventName>SELECT_7</EventName>
      </Down>
    </Entry>
    <Entry>
      <Key>8</Key>
      <Down>
        <EventName>SELECT_8</EventName>
      </Down>
    </Entry>
    <Entry>
      <Key>9</Key>
      <Down>
        <EventName>SELECT_9</EventName>
      </Down>
    </Entry>
    <Entry>
      <Key>VK_MINUS</Key>
      <Down>
        <EventName>MINUS</EventName>
      </Down>
    </Entry>
    <Entry>
      <Key>VK_PLUS</Key>
      <Down>
        <EventName>PLUS</EventName>
      </Down>
    </Entry>
    <Entry>
      <Key>VK_0x00</Key>
      <Down>
        <EventName>PAUSE_TOGGLE</EventName>
      </Down>
    </Entry>
    <Entry>
      <Key>F7</Key>
      <Down>
        <EventName>CAMERA_CYCLE</EventName>
      </Down>
    </Entry>
    <Entry>
      <Key>CTRL+VK_MINUS</Key>
      <Down>
        <EventName>VIEW_CHASE_DISTANCE_SUB</EventName>
      </Down>
    </Entry>
    <Entry>
      <Key>CTRL+VK_PLUS</Key>
      <Down>
        <EventName>VIEW_CHASE_DISTANCE_ADD</EventName>
      </Down>
    </Entry>
    <Entry>
      <Key>SHIFT+VK_PLUS</Key>
      <Down>
        <EventName>PLUS_SHIFT</EventName>
      </Down>
    </Entry>
    <Entry>
      <Key>CTRL+Q</Key>
      <Down>
        <EventName>EYEPOINT_BACK</EventName>
      </Down>
    </Entry>
    <Entry>
      <Key>F11</Key>
      <Down>
        <EventName>VIEW_CAMERA_SELECT_4</EventName>
      </Down>
    </Entry>
    <Entry>
      <Key>F8</Key>
      <Down>
        <EventName>VIEW_CAMERA_SELECT_1</EventName>
      </Down>
    </Entry>
    <Entry>
      <Key>F9</Key>
      <Down>
        <EventName>VIEW_CAMERA_SELECT_2</EventName>
      </Down>
    </Entry>
    <Entry>
      <Key>F12</Key>
      <Down>
        <EventName>VIEW_CAMERA_SELECT_5</EventName>
      </Down>
    </Entry>
    <Entry>
      <Key>U</Key>
      <Down>
        <EventName>REMOTE_CONTROL_VIEW</EventName>
      </Down>
    </Entry>
    <Entry>
      <Key>R</Key>
      <Down>
        <EventName>GLANCE_START</EventName>
      </Down>
      <Up>
        <EventName>GLANCE_END</EventName>
      </Up>
    </Entry>
    <Entry>
      <Key>CTRL+W</Key>
      <Down>
        <EventName>EYEPOINT_UP</EventName>
      </Down>
    </Entry>
    <Entry>
      <Key>CTRL+S</Key>
      <Down>
        <EventName>EYEPOINT_DOWN</EventName>
      </Down>
    </Entry>
    <Entry>
      <Key>CTRL+D</Key>
      <Down>
        <EventName>EYEPOINT_RIGHT</EventName>
      </Down>
    </Entry>
    <Entry>
      <Key>CTRL+A</Key>
      <Down>
        <EventName>EYEPOINT_LEFT</EventName>
      </Down>
    </Entry>
    <Entry>
      <Key>CTRL+E</Key>
      <Down>
        <EventName>EYEPOINT_FORWARD</EventName>
      </Down>
    </Entry>
    <Entry>
      <Key>Backspace</Key>
      <Down>
        <EventName>EYEPOINT_RESET</EventName>
      </Down>
    </Entry>
    <Entry>
      <Key>V</Key>
      <Down>
        <EventName>CAPTURE_SCREENSHOT</EventName>
      </Down>
    </Entry>
    <Entry>
      <Key>N</Key>
      <Down>
        <EventName>SKIP_TO_WAYPOINT</EventName>
      </Down>
    </Entry>
    <Entry>
      <Key>VK_RBRACKET</Key>
      <Down>
        <EventName>MULTIPLAYER_POI_CYCLE</EventName>
      </Down>
    </Entry>
    <Entry>
      <Key>VK_LBRACKET</Key>
      <Down>
        <EventName>MULTIPLAYER_POI_CYCLE_REV</EventName>
      </Down>
    </Entry>
    <Entry>
      <Key>Q</Key>
      <Up>
        <EventName>CHECKLIST_TOGGLE</EventName>
      </Up>
    </Entry>
    <Entry>
      <Key>E</Key>
      <Up>
        <EventName>Avatar.ToggleAttach</EventName>
      </Up>
    </Entry>
  </SimControls.Map>
  <SimControls.Map>
    <MapName>KEYBOARD_PREPROCESS</MapName>
    <MapVersion>13</MapVersion>
    <Entry>
      <Key>T</Key>
      <Down>
        <EventName>MP_ACTIVATE_CHAT</EventName>
      </Down>
      <Up>
        <EventName>SWALLOW_INPUT</EventName>
      </Up>
    </Entry>
    <Entry>
      <Key>CTRL+Tab</Key>
      <Down>
        <EventName>MP_VOICE_CAPTURE_START</EventName>
      </Down>
      <Up>
        <EventName>MP_VOICE_CAPTURE_STOP</EventName>
      </Up>
    </Entry>
    <Entry>
      <Key>Tab</Key>
      <Down>
        <EventName>MP_BROADCAST_VOICE_CAPTURE_START</EventName>
      </Down>
      <Up>
        <EventName>MP_BROADCAST_VOICE_CAPTURE_STOP</EventName>
      </Up>
    </Entry>
    <Entry>
      <Key>M</Key>
      <Up>
        <EventName>MAP</EventName>
      </Up>
    </Entry>
    <Entry>
      <Key>F</Key>
      <Down>
        <EventName>REQUEST_FUEL_KEY</EventName>
      </Down>
      <Up>
        <EventName>SWALLOW_INPUT</EventName>
      </Up>
    </Entry>
    <Entry>
      <Key>Home</Key>
      <Down>
        <EventName>TOGGLE_XLIVE_WINDOW</EventName>
      </Down>
      <Up>
        <EventName>SWALLOW_INPUT</EventName>
      </Up>
    </Entry>
  </SimControls.Map>
  <SimControls.Map>
    <MapName>Keyboard.{86A0F67B-13A0-4A8C-B812-FF54F17CCC1E}</MapName>
    <MapVersion>4</MapVersion>
    <Entry>
      <Key>A</Key>
      <Down>
        <EventName>Avatar.MoveLeft</EventName>
        <EventValue>1.000000</EventValue>
      </Down>
    </Entry>
    <Entry>
      <Key>W</Key>
      <Down>
        <EventName>Avatar.MoveForward</EventName>
        <EventValue>1.000000</EventValue>
      </Down>
    </Entry>
    <Entry>
      <Key>S</Key>
      <Down>
        <EventName>Avatar.MoveBackward</EventName>
        <EventValue>1.000000</EventValue>
      </Down>
    </Entry>
    <Entry>
      <Key>D</Key>
      <Down>
        <EventName>Avatar.MoveRight</EventName>
        <EventValue>1.000000</EventValue>
      </Down>
    </Entry>
    <Entry>
      <Key>Shift</Key>
      <Down>
        <EventName>Avatar.Run</EventName>
        <EventValue>1.000000</EventValue>
      </Down>
    </Entry>
  </SimControls.Map>
  <SimControls.Map>
    <MapName>Mouse Default</MapName>
    <MapVersion>2</MapVersion>
    <MouseCursorType>EYE</MouseCursorType>
    <Entry>
      <Index>1</Index>
      <Down>
        <EventName>MOUSE_DELTA_PAN_TOGGLE</EventName>
        <EventValue>1.000000</EventValue>
      </Down>
    </Entry>
    <Entry>
      <Index>2</Index>
      <Down>
        <EventName>MOUSE_CAMERA_TRANSLATE_TOGGLE</EventName>
        <EventValue>1.000000</EventValue>
      </Down>
    </Entry>
    <Entry>
      <Index>3</Index>
      <Down>
        <EventName>EYEPOINT_RESET</EventName>
      </Down>
    </Entry>
    <Entry>
      <Index>6</Index>
      <Down>
        <EventName>ZOOM_IN_MOUSE</EventName>
      </Down>
    </Entry>
    <Entry>
      <Index>7</Index>
      <Down>
        <EventName>ZOOM_OUT_MOUSE</EventName>
      </Down>
    </Entry>
  </SimControls.Map>
  <SimControls.Map>
    <MapName>Mouse Yoke</MapName>
    <MapVersion>2</MapVersion>
    <MouseCursorType>CROSSHAIR</MouseCursorType>
    <Entry>
      <Index>1</Index>
      <Down>
        <EventName>MOUSE_DELTA_PAN_TOGGLE</EventName>
        <EventValue>1.000000</EventValue>
      </Down>
    </Entry>
    <Entry>
      <Index>2</Index>
      <Down>
        <EventName>MOUSE_CAMERA_TRANSLATE_TOGGLE</EventName>
        <EventValue>1.000000</EventValue>
      </Down>
    </Entry>
    <Entry>
      <Index>3</Index>
      <Down>
        <EventName>EYEPOINT_RESET</EventName>
      </Down>
    </Entry>
    <Entry>
      <Index>6</Index>
      <Down>
        <EventName>Engine.ThrottleIncrease</EventName>
      </Down>
    </Entry>
    <Entry>
      <Index>7</Index>
      <Down>
        <EventName>Engine.ThrottleDecrease</EventName>
      </Down>
    </Entry>
  </SimControls.Map>
  <SimControls.Map>
    <MapName>Mouse Yoke.{45AAD43A-A9BC-40E0-96BA-A3E3577BBE53}</MapName>
    <MapVersion>3</MapVersion>
    <Axis>
      <AxName>XAxis</AxName>
      <Index>0</Index>
      <EventName>FlightControls.MouseSetXAxis</EventName>
      <AxScale>1.000000</AxScale>
      <AxNull>0.031000</AxNull>
    </Axis>
    <Axis>
      <AxName>YAxis</AxName>
      <Index>1</Index>
      <EventName>FlightControls.MouseSetYAxis</EventName>
      <AxScale>-1.000000</AxScale>
      <AxNull>0.031000</AxNull>
    </Axis>
  </SimControls.Map>
  <SimControls.Map>
    <MapName>Mouse Look</MapName>
    <MapVersion>3</MapVersion>
    <Axis>
      <AxName>XAxis</AxName>
      <Index>0</Index>
      <EventName>AXIS_PAN_HEADING</EventName>
      <AxScale>0.500000</AxScale>
      <AxNull>0.140000</AxNull>
    </Axis>
    <Axis>
      <AxName>YAxis</AxName>
      <Index>1</Index>
      <EventName>AXIS_PAN_PITCH</EventName>
      <AxScale>0.500000</AxScale>
      <AxNull>0.140000</AxNull>
    </Axis>
    <Entry>
      <Index>4</Index>
      <Down>
        <EventName>VIEW_RESET</EventName>
      </Down>
    </Entry>
    <Entry>
      <Index>6</Index>
      <Down>
        <EventName>ZOOM_IN_MOUSE</EventName>
      </Down>
    </Entry>
    <Entry>
      <Index>7</Index>
      <Down>
        <EventName>ZOOM_OUT_MOUSE</EventName>
      </Down>
    </Entry>
  </SimControls.Map>
  <SimControls.Map>
    <MapName>Mouse Drag Pan</MapName>
    <MapVersion>2</MapVersion>
    <MouseCursorType>MOVE_EYE</MouseCursorType>
    <Axis>
      <AxName>XAxis</AxName>
      <Index>0</Index>
      <EventName>AXIS_DRAG_PAN_HEADING</EventName>
      <AxScale>-1.000000</AxScale>
      <AxNull>0.005000</AxNull>
    </Axis>
    <Axis>
      <AxName>YAxis</AxName>
      <Index>1</Index>
      <EventName>AXIS_DRAG_PAN_PITCH</EventName>
      <AxScale>1.000000</AxScale>
      <AxNull>0.005000</AxNull>
    </Axis>
    <Entry>
      <Index>3</Index>
      <Up>
        <EventName>MOUSE_DRAG_PAN_TOGGLE</EventName>
        <EventValue>2.000000</EventValue>
      </Up>
    </Entry>
    <Entry>
      <Index>4</Index>
      <Down>
        <EventName>VIEW_RESET</EventName>
      </Down>
    </Entry>
    <Entry>
      <Index>6</Index>
      <Down>
        <EventName>ZOOM_IN_MOUSE</EventName>
      </Down>
    </Entry>
    <Entry>
      <Index>7</Index>
      <Down>
        <EventName>ZOOM_OUT_MOUSE</EventName>
      </Down>
    </Entry>
  </SimControls.Map>
  <SimControls.Map>
    <MapName>Mouse Edge Pan</MapName>
    <MapVersion>2</MapVersion>
    <Axis>
      <AxName>XAxis</AxName>
      <Index>0</Index>
      <EventName>AXIS_PAN_VELOCITY_HEADING</EventName>
      <AxScale>1.000000</AxScale>
      <AxNull>0.250000</AxNull>
    </Axis>
    <Axis>
      <AxName>YAxis</AxName>
      <Index>1</Index>
      <EventName>AXIS_PAN_VELOCITY_PITCH</EventName>
      <AxScale>-1.000000</AxScale>
      <AxNull>0.250000</AxNull>
    </Axis>
    <Entry>
      <Index>4</Index>
      <Down>
        <EventName>EYEPOINT_RESET</EventName>
      </Down>
    </Entry>
    <Entry>
      <Index>6</Index>
      <Down>
        <EventName>ZOOM_IN_MOUSE</EventName>
      </Down>
    </Entry>
    <Entry>
      <Index>7</Index>
      <Down>
        <EventName>ZOOM_OUT_MOUSE</EventName>
      </Down>
    </Entry>
  </SimControls.Map>
  <SimControls.Map>
    <MapName>Mouse Delta Pan</MapName>
    <MapVersion>3</MapVersion>
    <MouseCursorType>NONE</MouseCursorType>
    <Axis>
      <AxName>XAxis</AxName>
      <Index>0</Index>
      <EventName>HEADING_DELTA_SET</EventName>
      <AxScale>0.500000</AxScale>
    </Axis>
    <Axis>
      <AxName>YAxis</AxName>
      <Index>1</Index>
      <EventName>PITCH_DELTA_SET</EventName>
      <AxScale>0.500000</AxScale>
    </Axis>
    <Entry>
      <Index>1</Index>
      <Up>
        <EventName>MOUSE_DELTA_PAN_TOGGLE</EventName>
        <EventValue>2.000000</EventValue>
      </Up>
    </Entry>
    <Entry>
      <Index>4</Index>
      <Down>
        <EventName>VIEW_RESET</EventName>
      </Down>
    </Entry>
    <Entry>
      <Index>6</Index>
      <Down>
        <EventName>ZOOM_IN_MOUSE</EventName>
      </Down>
    </Entry>
    <Entry>
      <Index>7</Index>
      <Down>
        <EventName>ZOOM_OUT_MOUSE</EventName>
      </Down>
    </Entry>
  </SimControls.Map>
  <SimControls.Map>
    <MapName>Mouse Camera Translate</MapName>
    <MapVersion>2</MapVersion>
    <MouseCursorType>MOVE_EYE</MouseCursorType>
    <Axis>
      <AxName>XAxis</AxName>
      <Index>0</Index>
      <EventName>EYEPOINT_SET_LATERAL</EventName>
      <AxScale>1.000000</AxScale>
      <AxNull>0.005000</AxNull>
    </Axis>
    <Axis>
      <AxName>YAxis</AxName>
      <Index>1</Index>
      <EventName>EYEPOINT_SET_VERTICAL</EventName>
      <AxScale>1.000000</AxScale>
      <AxNull>0.005000</AxNull>
    </Axis>
    <Entry>
      <Index>2</Index>
      <Up>
        <EventName>MOUSE_CAMERA_TRANSLATE_TOGGLE</EventName>
        <EventValue>2.000000</EventValue>
      </Up>
    </Entry>
    <Entry>
      <Index>6</Index>
      <Down>
        <EventName>ZOOM_IN_MOUSE</EventName>
        <EventValue>1.000000</EventValue>
      </Down>
    </Entry>
    <Entry>
      <Index>7</Index>
      <Down>
        <EventName>ZOOM_OUT_MOUSE</EventName>
        <EventValue>1.000000</EventValue>
      </Down>
    </Entry>
  </SimControls.Map>
  <SimControls.Map>
    <MapName>Mouse Delta Pan.{86A0F67B-13A0-4A8C-B812-FF54F17CCC1E}</MapName>
    <MapVersion>5</MapVersion>
    <MouseCursorType>NONE</MouseCursorType>
    <Axis>
      <AxName>XAxis</AxName>
      <Index>0</Index>
      <EventName>Avatar.DeltaHeading</EventName>
      <AxScale>0.500000</AxScale>
    </Axis>
    <Axis>
      <AxName>YAxis</AxName>
      <Index>1</Index>
      <EventName>Avatar.DeltaPitch</EventName>
      <AxScale>-0.500000</AxScale>
    </Axis>
    <Entry>
      <Index>1</Index>
      <Down>
        <EventName>Avatar.MoveForward</EventName>
        <EventValue>1.000000</EventValue>
      </Down>
      <Up>
        <EventName>Avatar.MoveForward</EventName>
      </Up>
    </Entry>
  </SimControls.Map>
</SimBase.Document>
